--Ejecutar dentro de sqlplus / as sysdba
ALTER session set "_ORACLE_SCRIPT"=true;
CREATE USER inventario IDENTIFIED BY DBFide1;

GRANT create session TO inventario;
GRANT create table TO inventario;
GRANT create view TO inventario;
GRANT create any trigger TO inventario;
GRANT create any procedure TO inventario;
GRANT create sequence TO inventario;
GRANT create synonym TO inventario;
GRANT create trigger TO inventario;

--Permisos para INSERT 
ALTER USER inventario quota unlimited on USERS;

--Creación de tablas

-- Tabla "CATEGORÍAS"
CREATE TABLE CATEGORIAS (
ID_CATEGORIA INT PRIMARY KEY,
NOMBRE_CATEGORIA VARCHAR(100)
);

-- Tabla "ROLES"
CREATE TABLE ROLES (
ID_ROL INT PRIMARY KEY,
NOMBRE VARCHAR(100),
DESCRIPCION VARCHAR(200)
);

-- Tabla "PERMISOS"
CREATE TABLE PERMISOS (
ID_PERMISOS INT PRIMARY KEY,
NOMBRE VARCHAR(100),
ID_ROL INT,
DESCRIPCION VARCHAR(200),
FOREIGN KEY (ID_ROL) REFERENCES ROLES(ID_ROL)
);

-- Tabla "PROVEEDORES"
CREATE TABLE PROVEEDORES (
ID_PROVEEDOR INT PRIMARY KEY,
NOMBRE VARCHAR(100),
TELEFONO VARCHAR(20),
CORREO VARCHAR(100)
);

-- Tabla "ALMACENES"
CREATE TABLE ALMACENES (
ID_ALMACEN INT PRIMARY KEY,
NOMBRE_ALMACEN VARCHAR(100)
);

-- Tabla "EQUIPOS"
CREATE TABLE EQUIPOS (
ID_EQUIPO INT PRIMARY KEY,
NOMBRE_EQUIPO VARCHAR(100),
DESCRIPCION VARCHAR(200),
NUM_SERIE VARCHAR(50),
CANTIDAD_DISPONIBLE INT,
ID_CATEGORIA INT,
FOREIGN KEY (ID_CATEGORIA) REFERENCES CATEGORIAS(ID_CATEGORIA)
ON DELETE CASCADE
);

-- Tabla "DEPARTAMENTOS"
CREATE TABLE DEPARTAMENTOS (
ID_DEPARTAMENTO INT PRIMARY KEY,
NOMBRE_DEPARTAMENTO VARCHAR(100)
);

-- Tabla "PERSONAL"
CREATE TABLE PERSONAL (
ID_PERSONAL INT PRIMARY KEY,
NOMBRE VARCHAR(100),
TELEFONO VARCHAR(20),
CORREO VARCHAR(100),
ID_DEPARTAMENTO INT,
FOREIGN KEY (ID_DEPARTAMENTO) REFERENCES DEPARTAMENTOS(ID_DEPARTAMENTO)
);

-- Tabla "RECEPCIONES"
CREATE TABLE RECEPCIONES (
ID_RECEPCION INT PRIMARY KEY,
ID_EQUIPO INT,
ID_ALMACEN INT,
FECHA DATE,
HORA TIMESTAMP,
FOREIGN KEY (ID_EQUIPO) REFERENCES EQUIPOS(ID_EQUIPO),
FOREIGN KEY (ID_ALMACEN) REFERENCES ALMACENES(ID_ALMACEN)
ON DELETE CASCADE
);

-- Tabla "DESPACHOS"
CREATE TABLE DESPACHOS (
ID_DESPACHO INT PRIMARY KEY,
ID_EQUIPO INT,
ID_DEPARTAMENTO INT,
FECHA DATE,
HORA TIMESTAMP,
ID_PERSONAL INT,
FOREIGN KEY (ID_EQUIPO) REFERENCES EQUIPOS(ID_EQUIPO),
FOREIGN KEY (ID_DEPARTAMENTO) REFERENCES DEPARTAMENTOS(ID_DEPARTAMENTO),
FOREIGN KEY (ID_PERSONAL) REFERENCES PERSONAL(ID_PERSONAL)
);

-- Tabla "USUARIOS"
CREATE TABLE USUARIOS (
ID_USUARIOS INT PRIMARY KEY,
ID_PERSONAL INT,
USERNAME VARCHAR(100),
PASSWORD VARCHAR(100),
ID_ROL INT,
FOREIGN KEY (ID_PERSONAL) REFERENCES PERSONAL(ID_PERSONAL),
FOREIGN KEY (ID_ROL) REFERENCES ROLES(ID_ROL)
);

-- Tabla "COMPRAS"
CREATE TABLE COMPRAS (
    ID_COMPRA INT PRIMARY KEY,
    ID_PROVEEDOR INT,
    FECHA_COMPRA DATE,
    FOREIGN KEY (ID_PROVEEDOR) REFERENCES PROVEEDORES(ID_PROVEEDOR)
    
);


-- Tabla "DETALLE_COMPRAS"
CREATE TABLE DETALLE_COMPRAS (
    ID_DETALLE_COMPRA INT PRIMARY KEY,
    MATERIAL VARCHAR(100),
    CANTIDAD INT,
    PRECIO_UNITARIO DECIMAL(10,2),
    ID_COMPRA INT,
    FOREIGN KEY (ID_COMPRA) REFERENCES COMPRAS(ID_COMPRA)
);

-------------------------------------------------------------------------------------------------------------------------------------
--INSERTS DE LAS TABLAS 
--TAB CATEGORIAS
INSERT INTO CATEGORIAS (ID_CATEGORIA, NOMBRE_CATEGORIA) VALUES (1, 'Cardiología');
INSERT INTO CATEGORIAS (ID_CATEGORIA, NOMBRE_CATEGORIA) VALUES (2, 'Neurología');
INSERT INTO CATEGORIAS (ID_CATEGORIA, NOMBRE_CATEGORIA) VALUES (3, 'Dermatología');
INSERT INTO CATEGORIAS (ID_CATEGORIA, NOMBRE_CATEGORIA) VALUES (4, 'Pediatría');
INSERT INTO CATEGORIAS (ID_CATEGORIA, NOMBRE_CATEGORIA) VALUES (5, 'Oncología');
INSERT INTO CATEGORIAS (ID_CATEGORIA, NOMBRE_CATEGORIA) VALUES (6, 'Ginecología');
INSERT INTO CATEGORIAS (ID_CATEGORIA, NOMBRE_CATEGORIA) VALUES (7, 'Urología');
INSERT INTO CATEGORIAS (ID_CATEGORIA, NOMBRE_CATEGORIA) VALUES (8, 'Endocrinología');
INSERT INTO CATEGORIAS (ID_CATEGORIA, NOMBRE_CATEGORIA) VALUES (9, 'Gastroenterología');
INSERT INTO CATEGORIAS (ID_CATEGORIA, NOMBRE_CATEGORIA) VALUES (10, 'Ortopedia');

-- tabla "ROLES"
INSERT INTO ROLES (ID_ROL, NOMBRE, DESCRIPCION) VALUES (1, 'administracion', 'CRUD');
INSERT INTO ROLES (ID_ROL, NOMBRE, DESCRIPCION) VALUES (2, 'lectura', 'READ');
INSERT INTO ROLES (ID_ROL, NOMBRE, DESCRIPCION) VALUES (3, 'actualizacion', 'UPDATE');
INSERT INTO ROLES (ID_ROL, NOMBRE, DESCRIPCION) VALUES (4, 'creacion', 'CREATE');
INSERT INTO ROLES (ID_ROL, NOMBRE, DESCRIPCION) VALUES (5, 'eliminacion', 'DELETE');

--TAB PERMISOS 
INSERT INTO PERMISOS (ID_PERMISOS, NOMBRE, ID_ROL, DESCRIPCION) VALUES (1, 'Ver Usuarios', 2, 'Permiso para leer la lista de usuarios');
INSERT INTO PERMISOS (ID_PERMISOS, NOMBRE, ID_ROL, DESCRIPCION) VALUES (2, 'Editar Usuarios', 3, 'Permiso para actualizar la información de los usuarios');
INSERT INTO PERMISOS (ID_PERMISOS, NOMBRE, ID_ROL, DESCRIPCION) VALUES (3, 'Crear Usuarios', 4, 'Permiso para añadir nuevos usuarios');
INSERT INTO PERMISOS (ID_PERMISOS, NOMBRE, ID_ROL, DESCRIPCION) VALUES (4, 'Eliminar Usuarios', 5, 'Permiso para eliminar usuarios existentes');
INSERT INTO PERMISOS (ID_PERMISOS, NOMBRE, ID_ROL, DESCRIPCION) VALUES (5, 'Ver Roles', 2, 'Permiso para leer la lista de roles');
INSERT INTO PERMISOS (ID_PERMISOS, NOMBRE, ID_ROL, DESCRIPCION) VALUES (6, 'Editar Roles', 3, 'Permiso para actualizar la información de roles');
INSERT INTO PERMISOS (ID_PERMISOS, NOMBRE, ID_ROL, DESCRIPCION) VALUES (7, 'Crear Roles', 4, 'Permiso para añadir nuevos roles');
INSERT INTO PERMISOS (ID_PERMISOS, NOMBRE, ID_ROL, DESCRIPCION) VALUES (8, 'Eliminar Roles', 5, 'Permiso para eliminar roles existentes');
INSERT INTO PERMISOS (ID_PERMISOS, NOMBRE, ID_ROL, DESCRIPCION) VALUES (9, 'Ver Permisos', 2, 'Permiso para leer la lista de permisos');
INSERT INTO PERMISOS (ID_PERMISOS, NOMBRE, ID_ROL, DESCRIPCION) VALUES(10, 'Editar Permisos', 3, 'Permiso para actualizar permisos existentes');
INSERT INTO PERMISOS (ID_PERMISOS, NOMBRE, ID_ROL, DESCRIPCION) VALUES (11, 'Administración Total Usuarios', 1, 'Permiso completo sobre todos los usuarios');
INSERT INTO PERMISOS (ID_PERMISOS, NOMBRE, ID_ROL, DESCRIPCION) VALUES (12, 'Administración Total Roles', 1, 'Permiso completo sobre todos los roles');
INSERT INTO PERMISOS (ID_PERMISOS, NOMBRE, ID_ROL, DESCRIPCION) VALUES(13, 'Administración Total Permisos', 1, 'Permiso completo para gestionar permisos');
INSERT INTO PERMISOS (ID_PERMISOS, NOMBRE, ID_ROL, DESCRIPCION) VALUES (14, 'Ver Todo', 1, 'Permiso para ver cualquier dato en el sistema');
INSERT INTO PERMISOS (ID_PERMISOS, NOMBRE, ID_ROL, DESCRIPCION) VALUES (15, 'Modificar Todo', 1, 'Permiso para modificar cualquier dato en el sistema');

--TAB PROVEEDORES 
INSERT INTO PROVEEDORES (ID_PROVEEDOR, NOMBRE, TELEFONO, CORREO) VALUES (1, 'Proveeduría Integral', '555-0101', 'contacto@proveeduriaint.com');
INSERT INTO PROVEEDORES (ID_PROVEEDOR, NOMBRE, TELEFONO, CORREO) VALUES (2, 'Suministros Médicos González', '555-0202', 'ventas@sumedgonzalez.com');
INSERT INTO PROVEEDORES (ID_PROVEEDOR, NOMBRE, TELEFONO, CORREO) VALUES (3, 'Equipamiento Clínico Herrera', '555-0303', 'info@equipoclinicoh.com');
INSERT INTO PROVEEDORES (ID_PROVEEDOR, NOMBRE, TELEFONO, CORREO) VALUES (4, 'Farmacias del Norte S.A.', '555-0404', 'servicio@farmnorte.sa');
INSERT INTO PROVEEDORES (ID_PROVEEDOR, NOMBRE, TELEFONO, CORREO) VALUES (5, 'Laboratorios Biotech', '555-0505', 'contacto@labbiotech.com');
INSERT INTO PROVEEDORES (ID_PROVEEDOR, NOMBRE, TELEFONO, CORREO) VALUES (6, 'Distribuidora Dental Díaz', '555-0606', 'ddiaz@distribdental.com');
INSERT INTO PROVEEDORES (ID_PROVEEDOR, NOMBRE, TELEFONO, CORREO) VALUES (7, 'Insumos Quirúrgicos Soto', '555-0707', 'ventas@insuquirsoto.com');
INSERT INTO PROVEEDORES (ID_PROVEEDOR, NOMBRE, TELEFONO, CORREO) VALUES (8, 'Textiles Hospitalarios Ramírez', '555-0808', 'tramirez@texthosp.com');
INSERT INTO PROVEEDORES (ID_PROVEEDOR, NOMBRE, TELEFONO, CORREO) VALUES (9, 'Soluciones Sanitarias López', '555-0909', 'lopez@solusanit.com');
INSERT INTO PROVEEDORES (ID_PROVEEDOR, NOMBRE, TELEFONO, CORREO) VALUES (10, 'Dispositivos y Más S.A.', '555-1010', 'info@dispositivosymas.sa');

--TAB ALMACENES
INSERT INTO ALMACENES (ID_ALMACEN, NOMBRE_ALMACEN) VALUES (1, 'Almacén Central');
INSERT INTO ALMACENES (ID_ALMACEN, NOMBRE_ALMACEN) VALUES (2, 'Depósito Norte');
INSERT INTO ALMACENES (ID_ALMACEN, NOMBRE_ALMACEN) VALUES (3, 'Almacén de Medicamentos Especializados');
INSERT INTO ALMACENES (ID_ALMACEN, NOMBRE_ALMACEN) VALUES (4, 'Depósito de Equipos Médicos');
INSERT INTO ALMACENES (ID_ALMACEN, NOMBRE_ALMACEN) VALUES (5, 'Almacén de Suministros Quirúrgicos');
INSERT INTO ALMACENES (ID_ALMACEN, NOMBRE_ALMACEN) VALUES (6, 'Centro de Distribución Sur');
INSERT INTO ALMACENES (ID_ALMACEN, NOMBRE_ALMACEN) VALUES (7, 'Almacén Logístico Este');
INSERT INTO ALMACENES (ID_ALMACEN, NOMBRE_ALMACEN) VALUES (8, 'Depósito de Insumos Hospitalarios');
INSERT INTO ALMACENES (ID_ALMACEN, NOMBRE_ALMACEN) VALUES (9, 'Almacén de Emergencias');
INSERT INTO ALMACENES (ID_ALMACEN, NOMBRE_ALMACEN) VALUES (10, 'Centro de Almacenamiento y Logística');

--TAB EQUIPOS 
INSERT INTO EQUIPOS (ID_EQUIPO, NOMBRE_EQUIPO, DESCRIPCION, NUM_SERIE, CANTIDAD_DISPONIBLE, ID_CATEGORIA) VALUES (1, 'Electrocardiógrafo', 'Aparato utilizado para registrar la actividad eléctrica del corazón', 'ECG123456', 5, 1);
INSERT INTO EQUIPOS (ID_EQUIPO, NOMBRE_EQUIPO, DESCRIPCION, NUM_SERIE, CANTIDAD_DISPONIBLE, ID_CATEGORIA) VALUES (2, 'Electroencefalógrafo', 'Equipo para registrar la actividad eléctrica cerebral', 'EEG654321', 3, 2);
INSERT INTO EQUIPOS (ID_EQUIPO, NOMBRE_EQUIPO, DESCRIPCION, NUM_SERIE, CANTIDAD_DISPONIBLE, ID_CATEGORIA) VALUES (3, 'Dermatoscopio', 'Instrumento para examinar lesiones cutáneas', 'DERM789123', 4, 3);
INSERT INTO EQUIPOS (ID_EQUIPO, NOMBRE_EQUIPO, DESCRIPCION, NUM_SERIE, CANTIDAD_DISPONIBLE, ID_CATEGORIA) VALUES (4, 'Ecógrafo Pediátrico', 'Ecógrafo con sondas especiales para uso pediátrico', 'ECOP345678', 2, 4);
INSERT INTO EQUIPOS (ID_EQUIPO, NOMBRE_EQUIPO, DESCRIPCION, NUM_SERIE, CANTIDAD_DISPONIBLE, ID_CATEGORIA) VALUES (5, 'Acelerador lineal', 'Equipo para terapia de radiación en tratamientos de cáncer', 'ACEL912345', 1, 5);
INSERT INTO EQUIPOS (ID_EQUIPO, NOMBRE_EQUIPO, DESCRIPCION, NUM_SERIE, CANTIDAD_DISPONIBLE, ID_CATEGORIA) VALUES (6, 'Colposcopio', 'Instrumento para examinar detalladamente el cuello uterino', 'COLP678912', 2, 6);
INSERT INTO EQUIPOS (ID_EQUIPO, NOMBRE_EQUIPO, DESCRIPCION, NUM_SERIE, CANTIDAD_DISPONIBLE, ID_CATEGORIA) VALUES (7, 'Litotriptor', 'Equipo para desintegrar cálculos renales y biliares', 'LITO456789', 2, 7);
INSERT INTO EQUIPOS (ID_EQUIPO, NOMBRE_EQUIPO, DESCRIPCION, NUM_SERIE, CANTIDAD_DISPONIBLE, ID_CATEGORIA) VALUES (8, 'Medidor de glucosa', 'Dispositivo para medir la concentración de glucosa en la sangre', 'GLUC123789', 10, 8);
INSERT INTO EQUIPOS (ID_EQUIPO, NOMBRE_EQUIPO, DESCRIPCION, NUM_SERIE, CANTIDAD_DISPONIBLE, ID_CATEGORIA) VALUES (9, 'Endoscopio', 'Tubo delgado y flexible con cámara para ver el interior del tracto digestivo', 'ENDO321456', 3, 9);
INSERT INTO EQUIPOS (ID_EQUIPO, NOMBRE_EQUIPO, DESCRIPCION, NUM_SERIE, CANTIDAD_DISPONIBLE, ID_CATEGORIA) VALUES (10, 'Mesa de operaciones ortopédicas', 'Mesa diseñada para cirugías ortopédicas, con posiciones ajustables', 'MESA654123', 1, 10);

--TAB departamentos 
INSERT INTO DEPARTAMENTOS (ID_DEPARTAMENTO, NOMBRE_DEPARTAMENTO) VALUES (1, 'Mantenimiento');
INSERT INTO DEPARTAMENTOS (ID_DEPARTAMENTO, NOMBRE_DEPARTAMENTO) VALUES (2, 'Producción');
INSERT INTO DEPARTAMENTOS (ID_DEPARTAMENTO, NOMBRE_DEPARTAMENTO) VALUES (3, 'Calidad');
INSERT INTO DEPARTAMENTOS (ID_DEPARTAMENTO, NOMBRE_DEPARTAMENTO) VALUES (4, 'Investigación y Desarrollo');
INSERT INTO DEPARTAMENTOS (ID_DEPARTAMENTO, NOMBRE_DEPARTAMENTO) VALUES (5, 'Logística');
INSERT INTO DEPARTAMENTOS (ID_DEPARTAMENTO, NOMBRE_DEPARTAMENTO) VALUES (6, 'Recursos Humanos');
INSERT INTO DEPARTAMENTOS (ID_DEPARTAMENTO, NOMBRE_DEPARTAMENTO) VALUES (7, 'Finanzas');
INSERT INTO DEPARTAMENTOS (ID_DEPARTAMENTO, NOMBRE_DEPARTAMENTO) VALUES (8, 'Marketing');
INSERT INTO DEPARTAMENTOS (ID_DEPARTAMENTO, NOMBRE_DEPARTAMENTO) VALUES (9, 'Ventas');
INSERT INTO DEPARTAMENTOS (ID_DEPARTAMENTO, NOMBRE_DEPARTAMENTO) VALUES (10, 'Servicio al Cliente');
INSERT INTO DEPARTAMENTOS (ID_DEPARTAMENTO, NOMBRE_DEPARTAMENTO) VALUES (11, 'Tecnologías de la Información');
INSERT INTO DEPARTAMENTOS (ID_DEPARTAMENTO, NOMBRE_DEPARTAMENTO) VALUES (12, 'Compras');
INSERT INTO DEPARTAMENTOS (ID_DEPARTAMENTO, NOMBRE_DEPARTAMENTO) VALUES (13, 'Material Handler');
INSERT INTO DEPARTAMENTOS (ID_DEPARTAMENTO, NOMBRE_DEPARTAMENTO) VALUES (14, 'Administración');
INSERT INTO DEPARTAMENTOS (ID_DEPARTAMENTO, NOMBRE_DEPARTAMENTO) VALUES (15, 'Operaciones');

--TAB PERSONAL 
INSERT INTO PERSONAL (ID_PERSONAL, NOMBRE, TELEFONO, CORREO, ID_DEPARTAMENTO) VALUES (1, 'Alejandra Ruiz', '555-1001', 'aruiz@empresa.com', 1);
INSERT INTO PERSONAL (ID_PERSONAL, NOMBRE, TELEFONO, CORREO, ID_DEPARTAMENTO) VALUES (2, 'Carlos Gómez', '555-1002', 'cgomez@empresa.com', 2);
INSERT INTO PERSONAL (ID_PERSONAL, NOMBRE, TELEFONO, CORREO, ID_DEPARTAMENTO) VALUES (3, 'Elena Nito', '555-1003', 'enito@empresa.com', 3);
INSERT INTO PERSONAL (ID_PERSONAL, NOMBRE, TELEFONO, CORREO, ID_DEPARTAMENTO) VALUES (4, 'Daniel Martínez', '555-1004', 'dmartinez@empresa.com', 4);
INSERT INTO PERSONAL (ID_PERSONAL, NOMBRE, TELEFONO, CORREO, ID_DEPARTAMENTO) VALUES (5, 'Sofía Castro', '555-1005', 'scastro@empresa.com', 5);
INSERT INTO PERSONAL (ID_PERSONAL, NOMBRE, TELEFONO, CORREO, ID_DEPARTAMENTO) VALUES (6, 'Luis Navarro', '555-1006', 'lnavarro@empresa.com', 6);
INSERT INTO PERSONAL (ID_PERSONAL, NOMBRE, TELEFONO, CORREO, ID_DEPARTAMENTO) VALUES (7, 'Marta Solano', '555-1007', 'msolano@empresa.com', 7);
INSERT INTO PERSONAL (ID_PERSONAL, NOMBRE, TELEFONO, CORREO, ID_DEPARTAMENTO) VALUES (8, 'Jorge Alvarado', '555-1008', 'jalvarado@empresa.com', 8);
INSERT INTO PERSONAL (ID_PERSONAL, NOMBRE, TELEFONO, CORREO, ID_DEPARTAMENTO) VALUES (9, 'Patricia Salas', '555-1009', 'psalas@empresa.com', 9);
INSERT INTO PERSONAL (ID_PERSONAL, NOMBRE, TELEFONO, CORREO, ID_DEPARTAMENTO) VALUES (10, 'Omar Vargas', '555-1010', 'ovargas@empresa.com', 10);
INSERT INTO PERSONAL (ID_PERSONAL, NOMBRE, TELEFONO, CORREO, ID_DEPARTAMENTO) VALUES (11, 'Gabriela Ortiz', '555-1011', 'gortiz@empresa.com', 11);
INSERT INTO PERSONAL (ID_PERSONAL, NOMBRE, TELEFONO, CORREO, ID_DEPARTAMENTO) VALUES (12, 'Roberto Quiroz', '555-1012', 'rquiroz@empresa.com', 12);
INSERT INTO PERSONAL (ID_PERSONAL, NOMBRE, TELEFONO, CORREO, ID_DEPARTAMENTO) VALUES (13, 'Lucía Méndez', '555-1013', 'lmendez@empresa.com', 13);
INSERT INTO PERSONAL (ID_PERSONAL, NOMBRE, TELEFONO, CORREO, ID_DEPARTAMENTO) VALUES (14, 'Fernando Vega', '555-1014', 'fvega@empresa.com', 14);
INSERT INTO PERSONAL (ID_PERSONAL, NOMBRE, TELEFONO, CORREO, ID_DEPARTAMENTO) VALUES (15, 'Raquel Jiménez', '555-1015', 'rjimenez@empresa.com', 15);

--TAB Recepciones
INSERT INTO RECEPCIONES (ID_RECEPCION, ID_EQUIPO, ID_ALMACEN, FECHA, HORA) VALUES (1, 1, 5, TO_DATE('2020-03-15', 'YYYY-MM-DD'), TO_TIMESTAMP('2020-03-15 08:00:00', 'YYYY-MM-DD HH24:MI:SS'));
INSERT INTO RECEPCIONES (ID_RECEPCION, ID_EQUIPO, ID_ALMACEN, FECHA, HORA) VALUES (2, 2, 3, TO_DATE('2020-07-20', 'YYYY-MM-DD'), TO_TIMESTAMP('2020-07-20 09:30:00', 'YYYY-MM-DD HH24:MI:SS'));
INSERT INTO RECEPCIONES (ID_RECEPCION, ID_EQUIPO, ID_ALMACEN, FECHA, HORA) VALUES (3, 3, 1, TO_DATE('2021-01-25', 'YYYY-MM-DD'), TO_TIMESTAMP('2021-01-25 10:45:00', 'YYYY-MM-DD HH24:MI:SS'));
INSERT INTO RECEPCIONES (ID_RECEPCION, ID_EQUIPO, ID_ALMACEN, FECHA, HORA) VALUES (4, 4, 7, TO_DATE('2021-05-30', 'YYYY-MM-DD'), TO_TIMESTAMP('2021-05-30 11:15:00', 'YYYY-MM-DD HH24:MI:SS'));
INSERT INTO RECEPCIONES (ID_RECEPCION, ID_EQUIPO, ID_ALMACEN, FECHA, HORA) VALUES (5, 5, 2, TO_DATE('2022-02-15', 'YYYY-MM-DD'), TO_TIMESTAMP('2022-02-15 12:30:00', 'YYYY-MM-DD HH24:MI:SS'));
INSERT INTO RECEPCIONES (ID_RECEPCION, ID_EQUIPO, ID_ALMACEN, FECHA, HORA) VALUES (6, 6, 8, TO_DATE('2022-08-05', 'YYYY-MM-DD'), TO_TIMESTAMP('2022-08-05 13:00:00', 'YYYY-MM-DD HH24:MI:SS'));
INSERT INTO RECEPCIONES (ID_RECEPCION, ID_EQUIPO, ID_ALMACEN, FECHA, HORA) VALUES (7, 7, 4, TO_DATE('2023-03-20', 'YYYY-MM-DD'), TO_TIMESTAMP('2023-03-20 14:30:00', 'YYYY-MM-DD HH24:MI:SS'));
INSERT INTO RECEPCIONES (ID_RECEPCION, ID_EQUIPO, ID_ALMACEN, FECHA, HORA) VALUES (8, 8, 6, TO_DATE('2023-09-10', 'YYYY-MM-DD'), TO_TIMESTAMP('2023-09-10 15:45:00', 'YYYY-MM-DD HH24:MI:SS'));
INSERT INTO RECEPCIONES (ID_RECEPCION, ID_EQUIPO, ID_ALMACEN, FECHA, HORA) VALUES (9, 9, 10, TO_DATE('2024-01-05', 'YYYY-MM-DD'), TO_TIMESTAMP('2024-01-05 16:30:00', 'YYYY-MM-DD HH24:MI:SS'));
INSERT INTO RECEPCIONES (ID_RECEPCION, ID_EQUIPO, ID_ALMACEN, FECHA, HORA) VALUES (10, 10, 9, TO_DATE('2024-06-25', 'YYYY-MM-DD'), TO_TIMESTAMP('2024-06-25 17:00:00', 'YYYY-MM-DD HH24:MI:SS'));


--TAB DESPACHOS 
INSERT INTO DESPACHOS (ID_DESPACHO, ID_EQUIPO, ID_DEPARTAMENTO, FECHA, HORA, ID_PERSONAL) VALUES (1, 1, 1, TO_DATE('2020-03-15', 'YYYY-MM-DD'), TO_TIMESTAMP('2020-03-15 08:00:00', 'YYYY-MM-DD HH24:MI:SS'), 1);
INSERT INTO DESPACHOS (ID_DESPACHO, ID_EQUIPO, ID_DEPARTAMENTO, FECHA, HORA, ID_PERSONAL) VALUES (2, 2, 2, TO_DATE('2020-07-20', 'YYYY-MM-DD'), TO_TIMESTAMP('2020-07-20 09:30:00', 'YYYY-MM-DD HH24:MI:SS'), 2);
INSERT INTO DESPACHOS (ID_DESPACHO, ID_EQUIPO, ID_DEPARTAMENTO, FECHA, HORA, ID_PERSONAL) VALUES (3, 3, 3, TO_DATE('2021-01-25', 'YYYY-MM-DD'), TO_TIMESTAMP('2021-01-25 10:45:00', 'YYYY-MM-DD HH24:MI:SS'), 3);
INSERT INTO DESPACHOS (ID_DESPACHO, ID_EQUIPO, ID_DEPARTAMENTO, FECHA, HORA, ID_PERSONAL) VALUES (4, 4, 4, TO_DATE('2021-05-30', 'YYYY-MM-DD'), TO_TIMESTAMP('2021-05-30 11:15:00', 'YYYY-MM-DD HH24:MI:SS'), 4);
INSERT INTO DESPACHOS (ID_DESPACHO, ID_EQUIPO, ID_DEPARTAMENTO, FECHA, HORA, ID_PERSONAL) VALUES (5, 5, 5, TO_DATE('2022-02-15', 'YYYY-MM-DD'), TO_TIMESTAMP('2022-02-15 12:30:00', 'YYYY-MM-DD HH24:MI:SS'), 5);
INSERT INTO DESPACHOS (ID_DESPACHO, ID_EQUIPO, ID_DEPARTAMENTO, FECHA, HORA, ID_PERSONAL) VALUES (6, 6, 6, TO_DATE('2022-08-05', 'YYYY-MM-DD'), TO_TIMESTAMP('2022-08-05 13:00:00', 'YYYY-MM-DD HH24:MI:SS'), 6);
INSERT INTO DESPACHOS (ID_DESPACHO, ID_EQUIPO, ID_DEPARTAMENTO, FECHA, HORA, ID_PERSONAL) VALUES (7, 7, 7, TO_DATE('2023-03-20', 'YYYY-MM-DD'), TO_TIMESTAMP('2023-03-20 14:30:00', 'YYYY-MM-DD HH24:MI:SS'), 7);
INSERT INTO DESPACHOS (ID_DESPACHO, ID_EQUIPO, ID_DEPARTAMENTO, FECHA, HORA, ID_PERSONAL) VALUES (8, 8, 8, TO_DATE('2023-09-10', 'YYYY-MM-DD'), TO_TIMESTAMP('2023-09-10 15:45:00', 'YYYY-MM-DD HH24:MI:SS'), 8);
INSERT INTO DESPACHOS (ID_DESPACHO, ID_EQUIPO, ID_DEPARTAMENTO, FECHA, HORA, ID_PERSONAL) VALUES (9, 9, 9, TO_DATE('2024-01-05', 'YYYY-MM-DD'), TO_TIMESTAMP('2024-01-05 16:30:00', 'YYYY-MM-DD HH24:MI:SS'), 9);
INSERT INTO DESPACHOS (ID_DESPACHO, ID_EQUIPO, ID_DEPARTAMENTO, FECHA, HORA, ID_PERSONAL) VALUES (10, 10, 10, TO_DATE('2024-06-25', 'YYYY-MM-DD'), TO_TIMESTAMP('2024-06-25 17:00:00', 'YYYY-MM-DD HH24:MI:SS'), 10);


--TAB usuarios
INSERT INTO USUARIOS (ID_USUARIOS, ID_PERSONAL, USERNAME, PASSWORD, ID_ROL) VALUES (1, 1, 'ruiza1', 'password123', 1);
INSERT INTO USUARIOS (ID_USUARIOS, ID_PERSONAL, USERNAME, PASSWORD, ID_ROL) VALUES (2, 2, 'gomezc1', 'password123', 2);
INSERT INTO USUARIOS (ID_USUARIOS, ID_PERSONAL, USERNAME, PASSWORD, ID_ROL) VALUES (3, 3, 'nitoe1', 'password123', 3);
INSERT INTO USUARIOS (ID_USUARIOS, ID_PERSONAL, USERNAME, PASSWORD, ID_ROL) VALUES (4, 4, 'martid1', 'password123', 4);
INSERT INTO USUARIOS (ID_USUARIOS, ID_PERSONAL, USERNAME, PASSWORD, ID_ROL) VALUES (5, 5, 'castros1', 'password123', 5);
INSERT INTO USUARIOS (ID_USUARIOS, ID_PERSONAL, USERNAME, PASSWORD, ID_ROL) VALUES (6, 6, 'navarl1', 'password123', 1);
INSERT INTO USUARIOS (ID_USUARIOS, ID_PERSONAL, USERNAME, PASSWORD, ID_ROL) VALUES (7, 7, 'solanm1', 'password123', 2);
INSERT INTO USUARIOS (ID_USUARIOS, ID_PERSONAL, USERNAME, PASSWORD, ID_ROL) VALUES (8, 8, 'alvarj1', 'password123', 3);
INSERT INTO USUARIOS (ID_USUARIOS, ID_PERSONAL, USERNAME, PASSWORD, ID_ROL) VALUES (9, 9, 'salasp1', 'password123', 4);
INSERT INTO USUARIOS (ID_USUARIOS, ID_PERSONAL, USERNAME, PASSWORD, ID_ROL) VALUES (10, 10, 'vargao1', 'password123', 5);

--TAB COMPRAS
INSERT INTO COMPRAS (ID_COMPRA, ID_PROVEEDOR, FECHA_COMPRA) VALUES (1, 1, TO_DATE('2020-03-15','YYYY-MM-DD'));
INSERT INTO COMPRAS (ID_COMPRA, ID_PROVEEDOR, FECHA_COMPRA) VALUES (2, 2, TO_DATE('2020-06-20','YYYY-MM-DD'));
INSERT INTO COMPRAS (ID_COMPRA, ID_PROVEEDOR, FECHA_COMPRA) VALUES (3, 3, TO_DATE('2021-01-25','YYYY-MM-DD'));
INSERT INTO COMPRAS (ID_COMPRA, ID_PROVEEDOR, FECHA_COMPRA) VALUES (4, 4, TO_DATE('2021-04-30','YYYY-MM-DD'));
INSERT INTO COMPRAS (ID_COMPRA, ID_PROVEEDOR, FECHA_COMPRA) VALUES (5, 5, TO_DATE('2022-02-15','YYYY-MM-DD'));
INSERT INTO COMPRAS (ID_COMPRA, ID_PROVEEDOR, FECHA_COMPRA) VALUES (6, 6, TO_DATE('2022-07-05', 'YYYY-MM-DD'));
INSERT INTO COMPRAS (ID_COMPRA, ID_PROVEEDOR, FECHA_COMPRA) VALUES (7, 7, TO_DATE('2023-03-20',  'YYYY-MM-DD'));
INSERT INTO COMPRAS (ID_COMPRA, ID_PROVEEDOR, FECHA_COMPRA) VALUES (8, 8, TO_DATE('2023-08-10',  'YYYY-MM-DD'));
INSERT INTO COMPRAS (ID_COMPRA, ID_PROVEEDOR, FECHA_COMPRA) VALUES (9, 9, TO_DATE('2024-01-05',  'YYYY-MM-DD'));
INSERT INTO COMPRAS (ID_COMPRA, ID_PROVEEDOR, FECHA_COMPRA) VALUES (10, 10, TO_DATE('2024-05-25', 'YYYY-MM-DD'));

--TAB detalles_compra
INSERT INTO DETALLE_COMPRAS (ID_DETALLE_COMPRA, MATERIAL, CANTIDAD, PRECIO_UNITARIO, ID_COMPRA) VALUES (1, 'Mascarillas quirúrgicas', 1000, 0.50, 1);
INSERT INTO DETALLE_COMPRAS (ID_DETALLE_COMPRA, MATERIAL, CANTIDAD, PRECIO_UNITARIO, ID_COMPRA) VALUES (2, 'Guantes de nitrilo', 500, 0.20, 2);
INSERT INTO DETALLE_COMPRAS (ID_DETALLE_COMPRA, MATERIAL, CANTIDAD, PRECIO_UNITARIO, ID_COMPRA) VALUES (3, 'Desinfectante de superficies', 150, 5.00, 3);
INSERT INTO DETALLE_COMPRAS (ID_DETALLE_COMPRA, MATERIAL, CANTIDAD, PRECIO_UNITARIO, ID_COMPRA) VALUES (4, 'Microcable', 1000, 3.15, 4);
INSERT INTO DETALLE_COMPRAS (ID_DETALLE_COMPRA, MATERIAL, CANTIDAD, PRECIO_UNITARIO, ID_COMPRA) VALUES (5, 'Alcohol etílico 96%', 200, 3.50, 5);
INSERT INTO DETALLE_COMPRAS (ID_DETALLE_COMPRA, MATERIAL, CANTIDAD, PRECIO_UNITARIO, ID_COMPRA) VALUES (6, 'Sondas nasogástricas', 300, 2.00, 6);
INSERT INTO DETALLE_COMPRAS (ID_DETALLE_COMPRA, MATERIAL, CANTIDAD, PRECIO_UNITARIO, ID_COMPRA) VALUES (7, 'Batas desechables', 400, 1.00, 7);
INSERT INTO DETALLE_COMPRAS (ID_DETALLE_COMPRA, MATERIAL, CANTIDAD, PRECIO_UNITARIO, ID_COMPRA) VALUES (8, 'Sensor chips', 800, 0.10, 8);
INSERT INTO DETALLE_COMPRAS (ID_DETALLE_COMPRA, MATERIAL, CANTIDAD, PRECIO_UNITARIO, ID_COMPRA) VALUES (9, 'Gel antibacterial', 500, 2.50, 9);
INSERT INTO DETALLE_COMPRAS (ID_DETALLE_COMPRA, MATERIAL, CANTIDAD, PRECIO_UNITARIO, ID_COMPRA) VALUES (10, 'Papel para electrocardiograma', 100, 4.00, 10);

